{
    "4-5": {
        "PLOSS": 0.21083255287564384,
        "QLOSS": -35.61622468104808
    },
    "4-6": {
        "PLOSS": 0.15057766094357916,
        "QLOSS": -33.253464376173326
    },
    "5-7": {
        "PLOSS": 2.219175183937679,
        "QLOSS": -23.002012538024317
    },
    "6-9": {
        "PLOSS": 1.321567681032441,
        "QLOSS": -31.019635601878946
    },
    "7-8": {
        "PLOSS": 0.45822138728114226,
        "QLOSS": -28.360390385372327
    },
    "8-9": {
        "PLOSS": 0.06611609907229266,
        "QLOSS": -44.88669001023213
    }
}