{
    "1": {
        "V": 1.04,
        "angle": 0.0,
        "Pinj": 71.4264905651397,
        "Qinj": -3.656487820068932,
        "Pspec": 0.0,
        "Qspec": 0.0,
        "dP": -71.4264905651397,
        "dQ": 3.656487820068932,
        "type": "SLACK"
    },
    "2": {
        "V": 1.025,
        "angle": 9.077242325862118,
        "Pinj": 162.99999999999997,
        "Qinj": -18.77111355752028,
        "Pspec": 163.0,
        "Qspec": 0.0,
        "dP": 2.220446049250313e-14,
        "dQ": 18.77111355752028,
        "type": "PV"
    },
    "3": {
        "V": 1.025,
        "angle": 4.585927862229365,
        "Pinj": 85.0,
        "Qinj": -35.248858030782415,
        "Pspec": 85.0,
        "Qspec": 0.0,
        "dP": 0.0,
        "dQ": 35.248858030782415,
        "type": "PV"
    },
    "4": {
        "V": 1.04277577279185,
        "angle": -2.1741243624052355,
        "Pinj": -1.1546319456101628e-12,
        "Qinj": -1.7763568394002505e-13,
        "Pspec": 0.0,
        "Qspec": 0.0,
        "dP": 1.1546319456101628e-12,
        "dQ": 1.7763568394002505e-13,
        "type": "PQ"
    },
    "5": {
        "V": 1.0188671930258828,
        "angle": -3.907851364620765,
        "Pinj": -125.00000000000426,
        "Qinj": -49.99999999999272,
        "Pspec": -125.0,
        "Qspec": -50.0,
        "dP": 4.263256414560601e-12,
        "dQ": -7.283063041541027e-12,
        "type": "PQ"
    },
    "6": {
        "V": 1.0338489751030038,
        "angle": -3.6295607461162755,
        "Pinj": -90.0000000000014,
        "Qinj": -29.999999999997495,
        "Pspec": -90.0,
        "Qspec": -30.0,
        "dP": 1.4099832412739488e-12,
        "dQ": -2.503552920529728e-12,
        "type": "PQ"
    },
    "7": {
        "V": 1.0412004220558437,
        "angle": 3.5995980609521476,
        "Pinj": 1.1313172620930345e-11,
        "Qinj": 6.927791673660977e-12,
        "Pspec": 0.0,
        "Qspec": 0.0,
        "dP": -1.1313172620930345e-11,
        "dQ": -6.927791673660977e-12,
        "type": "PQ"
    },
    "8": {
        "V": 1.0391248940245947,
        "angle": 0.6693474436395703,
        "Pinj": -100.00000000000482,
        "Qinj": -34.99999999999801,
        "Pspec": -100.0,
        "Qspec": -35.0,
        "dP": 4.818367926873179e-12,
        "dQ": -1.9872992140790302e-12,
        "type": "PQ"
    },
    "9": {
        "V": 1.0462811533258425,
        "angle": 1.9238351736821138,
        "Pinj": 3.4638958368304884e-12,
        "Qinj": 2.1316282072803006e-12,
        "Pspec": 0.0,
        "Qspec": 0.0,
        "dP": -3.4638958368304884e-12,
        "dQ": -2.1316282072803006e-12,
        "type": "PQ"
    }
}