{
    "1-2": {
        "PLOSS": 0.3595034619906272,
        "QLOSS": -1.1703578301972062
    },
    "1-3": {
        "PLOSS": 0.09014013208586391,
        "QLOSS": -0.7010831026436648
    },
    "2-12": {
        "PLOSS": 0.5890639136730869,
        "QLOSS": 0.42903178229736305
    },
    "3-5": {
        "PLOSS": 0.23157538076763373,
        "QLOSS": -1.6877106372258766
    },
    "3-12": {
        "PLOSS": 0.6770428947738196,
        "QLOSS": -1.6424295208833817
    },
    "4-5": {
        "PLOSS": 0.05154592995209306,
        "QLOSS": 0.025411410224776887
    },
    "4-11": {
        "PLOSS": 0.42277955995185224,
        "QLOSS": -0.32126897534611487
    },
    "5-6": {
        "PLOSS": 0.006499553482479659,
        "QLOSS": -1.3736399931174077
    },
    "5-11": {
        "PLOSS": 0.3359575420762191,
        "QLOSS": -0.5674143139255747
    },
    "6-7": {
        "PLOSS": 0.14448802278072748,
        "QLOSS": 0.11635846103630954
    },
    "7-12": {
        "PLOSS": 0.47631639376615453,
        "QLOSS": 1.023172308917644
    },
    "8-9": {
        "PLOSS": 4.619637389746288,
        "QLOSS": -65.30471915469329
    },
    "8-30": {
        "PLOSS": 7.549865207036987,
        "QLOSS": 37.7108250494614
    },
    "9-10": {
        "PLOSS": 4.7453501500912125,
        "QLOSS": -75.47105780126984
    },
    "11-12": {
        "PLOSS": 0.32652821910845375,
        "QLOSS": 0.5876650002393262
    },
    "11-13": {
        "PLOSS": 1.602513927323976,
        "QLOSS": 3.505200303686628
    },
    "12-14": {
        "PLOSS": 2.542485097729525,
        "QLOSS": 6.611678125328751
    },
    "12-16": {
        "PLOSS": 4.491930607374982,
        "QLOSS": 15.633861077255567
    },
    "12-117": {
        "PLOSS": 0.1525499380798685,
        "QLOSS": -2.802748282553557
    },
    "13-15": {
        "PLOSS": 8.854604969097494,
        "QLOSS": 23.27976569029635
    },
    "14-15": {
        "PLOSS": 8.95634526689885,
        "QLOSS": 24.616443003255146
    },
    "15-17": {
        "PLOSS": 7.001079118710152,
        "QLOSS": 18.915079062349275
    },
    "15-19": {
        "PLOSS": 0.6023199754421924,
        "QLOSS": 1.0337230834273399
    },
    "15-33": {
        "PLOSS": 0.48400828444186317,
        "QLOSS": -1.4207043202638516
    },
    "16-17": {
        "PLOSS": 12.708258138617055,
        "QLOSS": 45.97893465949077
    },
    "17-18": {
        "PLOSS": 1.4061291783455658,
        "QLOSS": 4.5231707739421845
    },
    "17-31": {
        "PLOSS": 0.10242301855833813,
        "QLOSS": -3.4813722475731144
    },
    "17-113": {
        "PLOSS": 0.019041806578016462,
        "QLOSS": -0.6918978389975825
    },
    "18-19": {
        "PLOSS": 0.23882181078820963,
        "QLOSS": -0.01840107126057866
    },
    "19-20": {
        "PLOSS": 0.23966641420748047,
        "QLOSS": -1.6270193567296172
    },
    "19-34": {
        "PLOSS": 0.9790631176823652,
        "QLOSS": -2.788564963236716
    },
    "20-21": {
        "PLOSS": 0.4280421803359076,
        "QLOSS": 0.021526168169712534
    },
    "21-22": {
        "PLOSS": 0.8046002265853076,
        "QLOSS": 1.4748552769513021
    },
    "22-23": {
        "PLOSS": 1.7947024815840393,
        "QLOSS": 4.457230974864823
    },
    "23-24": {
        "PLOSS": 0.04347565619653082,
        "QLOSS": -4.770315604044988
    },
    "23-25": {
        "PLOSS": 4.969397316804361,
        "QLOSS": 16.42134321961383
    },
    "23-32": {
        "PLOSS": 3.7968570945368043,
        "QLOSS": 2.5265604466549965
    },
    "24-70": {
        "PLOSS": 0.005886744183758452,
        "QLOSS": -8.85877324035394
    },
    "24-72": {
        "PLOSS": 0.060983858973449934,
        "QLOSS": -4.499556988713186
    },
    "25-27": {
        "PLOSS": 7.886598175706723,
        "QLOSS": 22.436414126295464
    },
    "26-30": {
        "PLOSS": 3.0641792591528088,
        "QLOSS": -56.36198654957483
    },
    "27-28": {
        "PLOSS": 0.3165584181979355,
        "QLOSS": -0.5956228212570309
    },
    "27-32": {
        "PLOSS": 0.08140852628410755,
        "QLOSS": -1.5281057999263201
    },
    "27-115": {
        "PLOSS": 0.10367508644430856,
        "QLOSS": -1.3647523149828054
    },
    "28-29": {
        "PLOSS": 0.1374685524926882,
        "QLOSS": -1.6574219046278005
    },
    "29-31": {
        "PLOSS": 0.01242740498500483,
        "QLOSS": -0.7350630736587718
    },
    "30-38": {
        "PLOSS": 0.48700731855817025,
        "QLOSS": -33.30600670316629
    },
    "31-32": {
        "PLOSS": 0.5655624715488159,
        "QLOSS": -0.46941860042596595
    },
    "32-113": {
        "PLOSS": 0.46738944242888536,
        "QLOSS": -3.415931490747063
    },
    "32-114": {
        "PLOSS": 0.0076416609783862555,
        "QLOSS": -1.472006749543509
    },
    "33-37": {
        "PLOSS": 1.4055167798788162,
        "QLOSS": 1.2849592802825769
    },
    "34-36": {
        "PLOSS": 0.08396283078095479,
        "QLOSS": -0.29043169121268875
    },
    "34-37": {
        "PLOSS": 0.40113261338825623,
        "QLOSS": 0.5101236437688428
    },
    "34-43": {
        "PLOSS": 0.056644743299918865,
        "QLOSS": -3.810383075099402
    },
    "35-36": {
        "PLOSS": 0.0012373485687611208,
        "QLOSS": -0.25195119828751444
    },
    "35-37": {
        "PLOSS": 0.17468926790299832,
        "QLOSS": -0.4936901725215428
    },
    "37-39": {
        "PLOSS": 0.8043302681277567,
        "QLOSS": 0.05403311325758864
    },
    "37-40": {
        "PLOSS": 0.8955723068926886,
        "QLOSS": -1.5071038646527999
    },
    "38-65": {
        "PLOSS": 4.118286553226994,
        "QLOSS": -55.318527190561205
    },
    "39-40": {
        "PLOSS": 0.09471817202118515,
        "QLOSS": -1.1500459272869001
    },
    "40-41": {
        "PLOSS": 0.0177366456015573,
        "QLOSS": -1.0863807292316157
    },
    "40-42": {
        "PLOSS": 0.17732148879609255,
        "QLOSS": -3.8682395842399133
    },
    "41-42": {
        "PLOSS": 0.3250451364031335,
        "QLOSS": -2.206087247044529
    },
    "42-49": {
        "PLOSS": 3.7434487870756357,
        "QLOSS": 8.221309450705307
    },
    "43-44": {
        "PLOSS": 0.3749948718113778,
        "QLOSS": -4.16670805196751
    },
    "44-45": {
        "PLOSS": 0.3676084655924541,
        "QLOSS": -0.6243648812396625
    },
    "45-46": {
        "PLOSS": 0.7079861086463524,
        "QLOSS": -0.8468954932490682
    },
    "45-49": {
        "PLOSS": 2.0439656176476007,
        "QLOSS": 1.12568888234303
    },
    "46-47": {
        "PLOSS": 0.43014742678128215,
        "QLOSS": -1.7911965193377788
    },
    "46-48": {
        "PLOSS": 0.14188630927121793,
        "QLOSS": -4.366268653831879
    },
    "47-49": {
        "PLOSS": 0.03315676783945243,
        "QLOSS": -1.5629836620577464
    },
    "47-69": {
        "PLOSS": 3.343860900885943,
        "QLOSS": 3.5428041915145734
    },
    "48-49": {
        "PLOSS": 0.23213604765670226,
        "QLOSS": -0.6532732089362021
    },
    "49-50": {
        "PLOSS": 0.7723664674028825,
        "QLOSS": 0.2518285623682228
    },
    "49-51": {
        "PLOSS": 2.2491962867355753,
        "QLOSS": 2.9449742907458614
    },
    "49-54": {
        "PLOSS": 1.33667315864313,
        "QLOSS": -2.6875863185828504
    },
    "49-66": {
        "PLOSS": 3.140137064012208,
        "QLOSS": 13.362269232373414
    },
    "49-69": {
        "PLOSS": 2.8095332066715812,
        "QLOSS": 0.457051243264889
    },
    "50-57": {
        "PLOSS": 0.6496936392209989,
        "QLOSS": -1.39089148107686
    },
    "51-52": {
        "PLOSS": 0.18538909949547389,
        "QLOSS": -0.7547153831658866
    },
    "51-58": {
        "PLOSS": 0.0972254201013989,
        "QLOSS": -1.3840414772456033
    },
    "52-53": {
        "PLOSS": 0.05275266379829091,
        "QLOSS": -3.460662533366754
    },
    "53-54": {
        "PLOSS": 0.05351026776264156,
        "QLOSS": -2.5525766675320316
    },
    "54-55": {
        "PLOSS": 0.009971665588756728,