{
    "1-2": {
        "PLOSS": 5.3142149989703285,
        "QLOSS": 10.94508263617518
    },
    "1-5": {
        "PLOSS": 3.0755025459222196,
        "QLOSS": 7.944513874871368
    },
    "2-3": {
        "PLOSS": 2.781565993606833,
        "QLOSS": 7.33880442124592
    },
    "2-4": {
        "PLOSS": 1.8014550159292355,
        "QLOSS": 2.1811196543652343
    },
    "2-5": {
        "PLOSS": 1.0041566648833467,
        "QLOSS": -0.27553418687683884
    },
    "3-4": {
        "PLOSS": 0.8689104982335891,
        "QLOSS": 0.9810430129152543
    },
    "4-5": {
        "PLOSS": 0.555917712746222,
        "QLOSS": 1.7535351972841475
    },
    "6-11": {
        "PLOSS": 0.11802650522846214,
        "QLOSS": 0.24716226458139445
    },
    "6-12": {
        "PLOSS": 0.09044955053747206,
        "QLOSS": 0.1882507487022287
    },
    "6-13": {
        "PLOSS": 0.2789481394895681,
        "QLOSS": 0.5493359657037917
    },
    "7-8": {
        "PLOSS": 0.0,
        "QLOSS": 0.23779043218813456
    },
    "7-9": {
        "PLOSS": 0.0,
        "QLOSS": 1.0832152105080208
    },
    "9-10": {
        "PLOSS": 0.007216344757766002,
        "QLOSS": 0.01916947915848005
    },
    "9-14": {
        "PLOSS": 0.10822630387749932,
        "QLOSS": 0.23021184833921926
    },
    "10-11": {
        "PLOSS": 0.044356866855968846,
        "QLOSS": 0.10383453280957777
    },
    "12-13": {
        "PLOSS": 0.011277655487466731,
        "QLOSS": 0.010203593060089
    },
    "13-14": {
        "PLOSS": 0.10437543078417466,
        "QLOSS": 0.2125123584011499
    }
}