{
    "1": {
        "V": 1.0,
        "angle": 0.0,
        "Pinj": 235.16459159433305,
        "Qinj": -44.629594571618995,
        "Pspec": 232.39199999999997,
        "Qspec": -16.549,
        "dP": -2.7725915943330737,
        "dQ": 28.080594571618988,
        "type": "SLACK"
    },
    "2": {
        "V": 1.0,
        "angle": -5.909999675172756,
        "Pinj": 18.299998480997793,
        "Qinj": 51.2893998258579,
        "Pspec": 18.3,
        "Qspec": 30.856,
        "dP": 1.5190022073507947e-06,
        "dQ": -20.433399825857894,
        "type": "PV"
    },
    "3": {
        "V": 1.0,
        "angle": -14.888631810585034,
        "Pinj": -94.19999938111525,
        "Qinj": 50.02251333221572,
        "Pspec": -94.2,
        "Qspec": 6.074999999999999,
        "dP": -6.188847545551823e-07,
        "dQ": -43.94751333221573,
        "type": "PV"
    },
    "4": {
        "V": 0.9655650387850682,
        "angle": -11.595185212195766,
        "Pinj": -47.799993753810135,
        "Qinj": 3.900002867458041,
        "Pspec": -47.8,
        "Qspec": 3.9,
        "dP": -6.246189859782092e-06,
        "dQ": -2.867458041150295e-06,
        "type": "PQ"
    },
    "5": {
        "V": 0.9651229819157041,
        "angle": -9.90338075327523,
        "Pinj": -7.600003901445112,
        "Qinj": -1.5999855383508788,
        "Pspec": -7.6,
        "Qspec": -1.6,
        "dP": 3.901445112808322e-06,
        "dQ": -1.4461649121277897e-05,
        "type": "PQ"
    },
    "6": {
        "V": 1.0,
        "angle": -16.26901254952895,
        "Pinj": -11.199996778935573,
        "Qinj": 8.563176153419683,
        "Pspec": -11.2,
        "Qspec": 5.23,
        "dP": -3.221064426295328e-06,
        "dQ": -3.333176153419682,
        "type": "PV"
    },
    "7": {
        "V": 0.979533738829493,
        "angle": -14.974060174653191,
        "Pinj": 4.367017858442068e-07,
        "Qinj": 7.891136633020324e-07,
        "Pspec": 0.0,
        "Qspec": 0.0,
        "dP": -4.367017858442068e-07,
        "dQ": -7.891136633020324e-07,
        "type": "PQ"
    },
    "8": {
        "V": 1.0,
        "angle": -14.974060174653191,
        "Pinj": 0.0,
        "Qinj": 11.618655220270746,
        "Pspec": 0.0,
        "Qspec": 17.623,
        "dP": 0.0,
        "dQ": 6.004344779729253,
        "type": "PV"
    },
    "9": {
        "V": 0.9640632152361737,
        "angle": -16.79362332242423,
        "Pinj": -29.49999773406966,
        "Qinj": -16.599998410930183,
        "Pspec": -29.5,
        "Qspec": -16.6,
        "dP": -2.2659303378080864e-06,
        "dQ": -1.5890698173981477e-06,
        "type": "PQ"
    },
    "10": {
        "V": 0.9622977926772207,
        "angle": -17.026889306684467,
        "Pinj": -8.999999507601352,
        "Qinj": -5.800000058358457,
        "Pspec": -9.0,
        "Qspec": -5.8,
        "dP": -4.923986468563513e-07,
        "dQ": 5.835845695578712e-08,
        "type": "PQ"
    },
    "11": {
        "V": 0.9770988610772536,
        "angle": -16.785002455658383,
        "Pinj": -3.499999997993708,
        "Qinj": -1.7999999911751274,
        "Pspec": -3.5000000000000004,
        "Qspec": -1.8000000000000003,
        "dP": -2.006292354472805e-09,
        "dQ": -8.824872776980186e-09,
        "type": "PQ"
    },
    "12": {
        "V": 0.9824936294236789,
        "angle": -17.247027445902663,
        "Pinj": -6.099999997469352,
        "Qinj": -1.5999999999607883,
        "Pspec": -6.1,
        "Qspec": -1.6,
        "dP": -2.530647913445705e-09,
        "dQ": -3.921168945097975e-11,
        "type": "PQ"
    },
    "13": {
        "V": 0.9758221269122368,
        "angle": -17.299384863483404,
        "Pinj": -13.500000140415501,
        "Qinj": -5.799999893772334,
        "Pspec": -13.5,
        "Qspec": -5.8,
        "dP": 1.4041550144838766e-07,
        "dQ": -1.0622766555279384e-07,
        "type": "PQ"
    },
    "14": {
        "V": 0.9495435179840302,
        "angle": -18.197035549581692,
        "Pinj": -14.8999990918667,
        "Qinj": -5.000000088827061,
        "Pspec": -14.899999999999999,
        "Qspec": -5.0,
        "dP": -9.081332991156543e-07,
        "dQ": 8.882706098445325e-08,
        "type": "PQ"
    }
}